customerID,gender,SeniorCitizen,tenure,MonthlyCharges,TotalCharges,Contract,InternetService,Churn
CUST00001,Male,1,54,70.01,3780.54,One year,DSL,No
CUST00002,Female,0,31,85.26,2643.06,One year,DSL,No
CUST00003,Male,0,24,114.04,2736.96,Month-to-month,Fiber optic,Yes
CUST00004,Female,1,33,30.83,1017.39,One year,DSL,Yes
CUST00005,Male,0,46,27.83,1280.18,One year,DSL,No
CUST00006,Male,1,70,95.84,6708.8,One year,No,Yes
CUST00007,Male,1,39,74.36,2900.04,Month-to-month,DSL,No
CUST00008,Female,0,67,60.84,4076.28,One year,Fiber optic,No
CUST00009,Male,1,16,39.39,630.24,Two year,No,No
CUST00010,Female,0,68,85.54,5816.72,Month-to-month,DSL,Yes
CUST00011,Female,1,53,56.78,3009.34,One year,No,No
CUST00012,Female,1,55,97.47,5360.85,One year,DSL,Yes
CUST00013,Female,0,46,40.63,1868.98,Two year,Fiber optic,No
CUST00014,Female,1,54,91.16,4922.64,Two year,Fiber optic,No
CUST00015,Female,0,26,71.41,1856.66,Month-to-month,Fiber optic,Yes
CUST00016,Female,1,34,60.78,2066.52,Two year,Fiber optic,No
CUST00017,Female,1,10,50.15,501.5,Two year,DSL,No
CUST00018,Female,1,2,47.34,94.68,One year,No,No
CUST00019,Male,0,18,87.53,1575.54,Two year,DSL,Yes
CUST00020,Female,1,21,81.72,1716.12,Month-to-month,Fiber optic,Yes
CUST00021,Male,0,63,20.19,1271.97,One year,Fiber optic,No
CUST00022,Male,0,71,30.99,2200.29,One year,Fiber optic,No
CUST00023,Male,1,64,118.04,7554.56,Two year,DSL,Yes
CUST00024,Female,0,56,99.18,5554.08,Month-to-month,Fiber optic,Yes
CUST00025,Male,0,23,53.94,1240.62,Month-to-month,Fiber optic,No
CUST00026,Female,0,7,117.67,823.69,Month-to-month,DSL,Yes
CUST00027,Female,1,25,112.14,2803.5,Month-to-month,No,Yes
CUST00028,Male,1,40,63.1,2524.0,Month-to-month,DSL,No
CUST00029,Male,1,54,77.69,4195.26,Two year,No,No
CUST00030,Female,1,24,57.56,1381.44,Two year,Fiber optic,No
CUST00031,Female,0,3,118.94,356.82,Two year,DSL,No
CUST00032,Female,1,33,88.91,2934.03,Month-to-month,DSL,Yes
CUST00033,Female,0,3,106.42,319.26,Month-to-month,Fiber optic,Yes
CUST00034,Male,1,48,119.22,5722.56,One year,DSL,No
CUST00035,Male,0,61,35.75,2180.75,Two year,DSL,No
CUST00036,Female,1,62,116.51,7223.62,Two year,Fiber optic,No
CUST00037,Female,1,16,97.47,1559.52,One year,No,Yes
CUST00038,Male,1,10,32.84,328.4,Two year,Fiber optic,No
CUST00039,Male,0,30,85.57,2567.1,Month-to-month,DSL,Yes
CUST00040,Male,0,41,60.59,2484.19,Two year,DSL,Yes
CUST00041,Male,0,12,32.22,386.64,Two year,Fiber optic,No
CUST00042,Female,0,47,20.35,956.45,Two year,No,No
CUST00043,Male,0,32,96.8,3097.6,One year,No,Yes
CUST00044,Male,0,52,110.41,5741.32,Two year,No,No
CUST00045,Male,0,14,54.13,757.82,Month-to-month,DSL,No
CUST00046,Male,0,24,112.43,2698.32,One year,Fiber optic,No
CUST00047,Female,0,47,30.96,1455.12,Month-to-month,Fiber optic,Yes
CUST00048,Female,1,17,112.13,1906.21,Month-to-month,No,Yes
CUST00049,Male,1,32,49.13,1572.16,One year,DSL,Yes
CUST00050,Female,1,43,40.15,1726.45,Month-to-month,Fiber optic,Yes
CUST00051,Male,1,24,77.45,1858.8,One year,Fiber optic,No
CUST00052,Female,1,35,106.86,3740.1,Two year,Fiber optic,Yes
CUST00053,Female,1,59,100.23,5913.57,Month-to-month,No,Yes
CUST00054,Female,1,12,98.6,1183.2,Two year,Fiber optic,Yes
CUST00055,Female,1,21,59.07,1240.47,Month-to-month,No,No
CUST00056,Female,1,5,113.32,566.6,Two year,DSL,No
CUST00057,Female,0,47,52.7,2476.9,Month-to-month,Fiber optic,No
CUST00058,Female,0,71,99.08,7034.68,Two year,No,No
CUST00059,Male,0,68,68.98,4690.64,Two year,DSL,No
CUST00060,Male,1,12,65.25,783.0,Month-to-month,No,No
CUST00061,Female,0,56,67.54,3782.24,Month-to-month,No,No
CUST00062,Male,0,25,118.92,2973.0,One year,No,No
CUST00063,Female,1,40,61.21,2448.4,Month-to-month,DSL,No
CUST00064,Male,1,6,109.33,655.98,Two year,Fiber optic,No
CUST00065,Male,1,48,37.88,1818.24,Month-to-month,No,No
CUST00066,Male,1,36,95.46,3436.56,Two year,No,No
CUST00067,Male,1,24,31.73,761.52,One year,No,Yes
CUST00068,Male,1,47,20.49,963.03,One year,Fiber optic,No
CUST00069,Male,1,48,69.85,3352.8,Month-to-month,Fiber optic,No
CUST00070,Female,1,34,61.7,2097.8,Month-to-month,DSL,No
CUST00071,Female,1,58,93.36,5414.88,One year,No,No
CUST00072,Female,0,50,106.46,5323.0,Month-to-month,DSL,Yes
CUST00073,Female,1,21,117.8,2473.8,Two year,Fiber optic,No
CUST00074,Female,0,63,41.57,2618.91,Month-to-month,DSL,No
CUST00075,Female,1,30,68.3,2049.0,One year,Fiber optic,Yes
CUST00076,Male,1,15,94.92,1423.8,One year,Fiber optic,No
CUST00077,Male,0,28,46.31,1296.68,One year,DSL,Yes
CUST00078,Female,0,24,27.24,653.76,One year,No,Yes
CUST00079,Male,0,24,89.6,2150.4,Two year,Fiber optic,No
CUST00080,Female,0,27,109.45,2955.15,Two year,DSL,No
CUST00081,Female,0,38,102.43,3892.34,Two year,Fiber optic,No
CUST00082,Female,1,36,103.32,3719.52,Two year,Fiber optic,No
CUST00083,Female,0,32,92.88,2972.16,One year,Fiber optic,No
CUST00084,Female,0,13,118.38,1538.94,Two year,DSL,No
CUST00085,Female,1,57,78.23,4459.11,Month-to-month,No,No
CUST00086,Male,1,69,108.3,7472.7,Two year,DSL,No
CUST00087,Female,1,33,91.36,3014.88,Month-to-month,DSL,Yes
CUST00088,Female,1,65,97.14,6314.1,One year,No,No
CUST00089,Female,1,20,107.21,2144.2,One year,No,Yes
CUST00090,Male,0,53,86.62,4590.86,One year,DSL,Yes
CUST00091,Female,1,30,41.0,1230.0,One year,DSL,No
CUST00092,Female,1,3,78.54,235.62,One year,No,No
CUST00093,Male,0,18,84.91,1528.38,One year,No,No
CUST00094,Male,1,19,24.68,468.92,Month-to-month,DSL,No
CUST00095,Male,0,9,116.78,1051.02,One year,DSL,Yes
CUST00096,Male,1,59,86.81,5121.79,Two year,No,Yes
CUST00097,Female,1,20,75.49,1509.8,Month-to-month,Fiber optic,No
CUST00098,Female,0,71,115.69,8213.99,Two year,Fiber optic,No
CUST00099,Female,1,45,106.39,4787.55,Two year,Fiber optic,No
CUST00100,Female,1,51,61.89,3156.39,One year,Fiber optic,No
CUST00101,Male,0,30,83.6,2508.0,Two year,Fiber optic,Yes
CUST00102,Male,0,7,118.02,826.14,One year,DSL,No
CUST00103,Female,0,39,112.91,4403.49,One year,DSL,No
CUST00104,Female,0,53,55.06,2918.18,One year,Fiber optic,No
CUST00105,Male,0,21,104.32,2190.72,Two year,No,Yes
CUST00106,Male,1,40,64.49,2579.6,Month-to-month,Fiber optic,No
CUST00107,Male,1,4,57.24,228.96,One year,No,Yes
CUST00108,Female,1,25,58.76,1469.0,Two year,No,Yes
CUST00109,Female,0,33,40.77,1345.41,Two year,Fiber optic,Yes
CUST00110,Female,0,20,40.61,812.2,One year,DSL,No
CUST00111,Male,0,48,39.16,1879.68,One year,DSL,No
CUST00112,Female,1,28,21.34,597.52,Month-to-month,DSL,No
CUST00113,Male,0,62,56.41,3497.42,Two year,No,No
CUST00114,Male,1,72,20.96,1509.12,Month-to-month,Fiber optic,No
CUST00115,Female,0,34,108.99,3705.66,One year,Fiber optic,No
CUST00116,Female,1,32,57.64,1844.48,Month-to-month,No,No
CUST00117,Male,1,65,108.37,7044.05,Month-to-month,DSL,Yes
CUST00118,Female,1,17,110.61,1880.37,Month-to-month,DSL,Yes
CUST00119,Female,0,36,111.86,4026.96,Two year,No,No
CUST00120,Male,0,62,60.19,3731.78,One year,Fiber optic,Yes
CUST00121,Female,1,56,106.87,5984.72,Two year,Fiber optic,Yes
CUST00122,Male,1,6,85.15,510.9,Month-to-month,DSL,Yes
CUST00123,Male,0,70,94.5,6615.0,One year,No,No
CUST00124,Female,1,67,67.48,4521.16,Month-to-month,Fiber optic,No
CUST00125,Female,1,12,60.47,725.64,One year,No,Yes
CUST00126,Male,0,62,29.04,1800.48,Month-to-month,DSL,No
CUST00127,Female,0,56,24.03,1345.68,Month-to-month,No,No
CUST00128,Male,0,34,116.12,3948.08,Two year,No,No
CUST00129,Male,0,36,80.87,2911.32,One year,No,No
CUST00130,Female,0,35,110.6,3871.0,Month-to-month,DSL,Yes
CUST00131,Male,0,34,35.17,1195.78,Two year,DSL,Yes
CUST00132,Male,0,70,99.09,6936.3,Two year,Fiber optic,No
CUST00133,Male,0,41,85.99,3525.59,One year,DSL,No
CUST00134,Male,1,38,46.26,1757.88,Two year,No,No
CUST00135,Male,1,29,87.81,2546.49,Two year,DSL,No
CUST00136,Female,0,56,27.49,1539.44,One year,DSL,No
CUST00137,Male,0,66,43.29,2857.14,One year,No,Yes
CUST00138,Male,0,42,22.51,945.42,One year,DSL,No
CUST00139,Male,1,8,70.06,560.48,Two year,No,No
CUST00140,Male,1,61,105.42,6430.62,Month-to-month,No,Yes
CUST00141,Female,0,53,101.12,5359.36,Month-to-month,DSL,Yes
CUST00142,Female,0,69,41.88,2889.72,One year,DSL,No
CUST00143,Male,1,55,119.31,6562.05,Month-to-month,Fiber optic,Yes
CUST00144,Female,1,27,104.69,2826.63,One year,Fiber optic,No
CUST00145,Male,0,70,55.04,3852.8,Month-to-month,Fiber optic,No
CUST00146,Male,0,8,60.88,487.04,One year,No,No
CUST00147,Male,0,55,46.61,2563.55,One year,Fiber optic,No
CUST00148,Male,0,50,72.38,3619.0,Two year,No,Yes
CUST00149,Male,1,39,34.14,1331.46,Two year,No,Yes
CUST00150,Male,1,6,46.57,279.42,Two year,No,Yes
CUST00151,Male,1,40,36.95,1478.0,Month-to-month,DSL,Yes
CUST00152,Male,1,33,24.26,800.58,Two year,Fiber optic,Yes
CUST00153,Male,0,48,85.08,4083.84,Two year,No,No
CUST00154,Male,1,53,89.17,4726.01,One year,DSL,No
CUST00155,Female,0,6,45.99,275.94,One year,No,Yes
CUST00156,Female,0,18,93.39,1681.02,Two year,DSL,No
CUST00157,Male,0,71,39.56,2808.76,Month-to-month,Fiber optic,Yes
CUST00158,Male,1,4,56.02,224.08,Month-to-month,No,No
CUST00159,Female,0,32,113.71,3638.72,Month-to-month,Fiber optic,Yes
CUST00160,Female,1,11,75.69,832.59,Month-to-month,No,No
CUST00161,Male,1,50,59.36,2968.0,Two year,DSL,No
CUST00162,Female,1,46,88.95,4091.7,Month-to-month,Fiber optic,Yes
CUST00163,Male,1,52,103.62,5388.24,One year,Fiber optic,No
CUST00164,Male,0,12,82.64,991.68,Two year,No,Yes
CUST00165,Male,1,18,108.94,1960.92,Month-to-month,No,Yes
CUST00166,Male,0,52,111.41,5793.32,Two year,Fiber optic,Yes
CUST00167,Female,0,30,28.0,840.0,One year,Fiber optic,Yes
CUST00168,Male,0,29,51.3,1487.7,Month-to-month,No,Yes
CUST00169,Female,1,48,28.45,1365.6,One year,DSL,Yes
CUST00170,Male,1,44,30.8,1355.2,One year,No,No
CUST00171,Female,1,36,95.88,3451.68,One year,No,No
CUST00172,Female,1,55,39.83,2190.65,One year,No,No
CUST00173,Male,1,10,54.7,547.0,Two year,DSL,Yes
CUST00174,Male,0,28,82.82,2318.96,One year,No,No
CUST00175,Female,0,50,76.28,3814.0,Month-to-month,Fiber optic,No
CUST00176,Female,1,13,31.45,408.85,One year,No,Yes
CUST00177,Female,0,38,102.43,3892.34,One year,Fiber optic,Yes
CUST00178,Female,0,43,109.85,4723.55,One year,No,Yes
CUST00179,Female,0,8,45.64,365.12,One year,No,No
CUST00180,Male,1,1,70.02,70.02,Month-to-month,DSL,No
CUST00181,Female,0,15,63.74,956.1,Two year,DSL,No
CUST00182,Male,1,54,71.65,3869.1,One year,Fiber optic,No
CUST00183,Female,1,31,87.3,2706.3,Month-to-month,No,Yes
CUST00184,Male,0,45,42.87,1929.15,Month-to-month,Fiber optic,No
CUST00185,Male,0,34,58.96,2004.64,Month-to-month,No,Yes
CUST00186,Male,0,45,89.65,4034.25,Month-to-month,DSL,Yes
CUST00187,Male,1,55,82.15,4518.25,Month-to-month,No,Yes
CUST00188,Female,0,59,58.19,3433.21,One year,DSL,Yes
CUST00189,Male,0,46,68.06,3130.76,Two year,Fiber optic,No
CUST00190,Male,1,16,43.63,698.08,Month-to-month,No,Yes
CUST00191,Male,0,22,46.24,1017.28,One year,DSL,No
CUST00192,Male,0,2,110.33,220.66,One year,No,No
CUST00193,Female,0,19,77.91,1480.29,Month-to-month,DSL,Yes
CUST00194,Female,0,58,52.0,3016.0,Month-to-month,DSL,No
CUST00195,Male,0,23,51.04,1173.92,Two year,No,No
CUST00196,Male,1,22,64.48,1418.56,One year,DSL,No
CUST00197,Female,0,56,101.84,5703.04,Month-to-month,Fiber optic,Yes
CUST00198,Male,0,5,33.21,166.05,Month-to-month,DSL,Yes
CUST00199,Male,0,23,83.69,1924.87,Month-to-month,No,Yes
CUST00200,Female,1,15,83.86,1257.9,Month-to-month,Fiber optic,Yes
CUST00201,Female,1,53,35.93,1904.29,Month-to-month,Fiber optic,Yes
CUST00202,Male,1,53,101.37,5372.61,Month-to-month,No,Yes
CUST00203,Female,0,30,74.36,2230.8,Two year,Fiber optic,Yes
CUST00204,Female,0,36,114.94,4137.84,Month-to-month,No,Yes
CUST00205,Male,1,52,96.9,5038.8,Month-to-month,No,Yes
CUST00206,Male,0,37,101.83,3767.71,Two year,DSL,Yes
CUST00207,Male,1,72,52.44,3775.68,Two year,Fiber optic,Yes
CUST00208,Female,0,53,64.62,3424.86,Two year,Fiber optic,No
CUST00209,Male,0,38,44.35,1685.3,One year,Fiber optic,Yes
CUST00210,Female,0,62,49.4,3062.8,One year,DSL,Yes
CUST00211,Female,0,19,77.46,1471.74,Month-to-month,DSL,No
CUST00212,Male,1,57,73.99,4217.43,Two year,Fiber optic,No
CUST00213,Male,0,14,79.16,1108.24,Month-to-month,No,No
CUST00214,Female,0,28,49.68,1391.04,Two year,No,No
CUST00215,Male,1,26,60.98,1585.48,Month-to-month,No,No
CUST00216,Female,0,52,55.72,2897.44,Two year,Fiber optic,No
CUST00217,Female,0,59,60.41,3564.19,Two year,DSL,Yes
CUST00218,Female,1,55,119.43,6568.65,One year,Fiber optic,Yes
CUST00219,Female,0,25,66.61,1665.25,Two year,DSL,No
CUST00220,Male,1,31,54.57,1691.67,One year,Fiber optic,No
CUST00221,Male,1,46,63.11,2903.06,Month-to-month,Fiber optic,Yes
CUST00222,Female,1,25,47.43,1185.75,One year,No,Yes
CUST00223,Male,0,21,83.48,1753.08,One year,No,No
CUST00224,Male,1,36,51.72,1861.92,Month-to-month,DSL,No
CUST00225,Female,1,35,56.12,1964.2,One year,No,No
CUST00226,Female,1,18,36.74,661.32,Two year,DSL,No
CUST00227,Male,0,17,103.2,1754.4,Month-to-month,DSL,Yes
CUST00228,Female,0,64,30.02,1921.28,Two year,Fiber optic,No
CUST00229,Female,1,30,116.45,3493.5,Month-to-month,Fiber optic,Yes
CUST00230,Male,1,46,90.27,4152.42,Two year,Fiber optic,No
CUST00231,Male,0,20,60.1,1202.0,Month-to-month,DSL,No
CUST00232,Male,0,60,57.52,3451.2,Two year,DSL,Yes
CUST00233,Female,1,63,52.41,3301.83,Two year,Fiber optic,No
CUST00234,Female,1,18,72.15,1298.7,One year,No,No
CUST00235,Female,1,31,104.87,3250.97,Two year,DSL,No
CUST00236,Female,0,54,61.19,3304.26,One year,No,Yes
CUST00237,Male,1,61,64.26,3919.86,Two year,No,No
CUST00238,Male,0,58,72.61,4211.38,One year,DSL,No
CUST00239,Male,1,46,106.29,4889.34,Two year,No,Yes
CUST00240,Female,1,67,80.95,5423.65,Two year,DSL,No
CUST00241,Female,0,51,67.53,3444.03,Two year,Fiber optic,No
CUST00242,Male,1,28,35.18,985.04,Two year,No,No
CUST00243,Male,0,41,101.12,4145.92,One year,DSL,No
CUST00244,Female,0,15,108.2,1623.0,One year,No,No
CUST00245,Male,0,22,84.39,1856.58,Two year,No,Yes
CUST00246,Male,0,22,92.23,2029.06,One year,No,No
CUST00247,Female,0,6,92.38,554.28,Month-to-month,No,Yes
CUST00248,Female,0,12,64.0,768.0,Two year,No,No
CUST00249,Male,0,37,38.74,1433.38,Two year,No,Yes
CUST00250,Female,0,54,81.94,4424.76,Month-to-month,Fiber optic,Yes
CUST00251,Female,0,10,79.48,794.8,Month-to-month,No,No
CUST00252,Male,1,31,90.58,2807.98,Month-to-month,DSL,Yes
CUST00253,Female,0,29,56.94,1651.26,Two year,No,No
CUST00254,Female,1,35,46.23,1618.05,Two year,No,No
CUST00255,Female,1,44,93.58,4117.52,One year,DSL,Yes
CUST00256,Male,0,49,92.86,4550.14,One year,No,No
CUST00257,Female,0,40,21.26,850.4,Month-to-month,Fiber optic,No
CUST00258,Male,1,66,95.91,6330.06,Two year,Fiber optic,Yes
CUST00259,Male,1,32,82.79,2649.28,Two year,Fiber optic,Yes
CUST00260,Male,0,49,44.61,2185.89,Month-to-month,Fiber optic,Yes
CUST00261,Female,1,27,80.82,2182.14,Two year,Fiber optic,No
CUST00262,Male,1,44,74.56,3280.64,Two year,No,No
CUST00263,Female,0,13,105.25,1368.25,One year,Fiber optic,No
CUST00264,Female,0,38,54.53,2072.14,One year,DSL,No
CUST00265,Female,0,2,91.35,182.7,Month-to-month,DSL,Yes
CUST00266,Male,0,11,46.62,512.82,Month-to-month,DSL,Yes
CUST00267,Male,1,67,22.34,1496.78,One year,No,Yes
CUST00268,Female,0,54,75.24,4062.96,Two year,No,No
CUST00269,Female,1,72,35.4,2548.8,One year,DSL,No
CUST00270,Female,1,14,111.88,1566.32,Month-to-month,Fiber optic,Yes
CUST00271,Male,1,65,102.02,6631.3,Month-to-month,DSL,Yes
CUST00272,Male,1,7,119.96,839.72,One year,DSL,No
CUST00273,Male,1,18,24.84,447.12,Two year,DSL,Yes
CUST00274,Female,1,58,101.87,5908.46,One year,Fiber optic,No
CUST00275,Male,1,27,87.7,2367.9,Month-to-month,No,Yes
CUST00276,Female,0,65,106.51,6923.15,Month-to-month,DSL,Yes
CUST00277,Female,0,9,113.65,1022.85,Two year,Fiber optic,No
CUST00278,Female,1,52,61.21,3182.92,Two year,Fiber optic,Yes
CUST00279,Female,1,57,20.19,1150.83,Month-to-month,Fiber optic,Yes
CUST00280,Male,0,16,44.38,710.08,Two year,No,No
CUST00281,Male,0,31,100.14,3104.34,Two year,No,No
CUST00282,Female,1,28,36.28,1015.84,Two year,No,Yes
CUST00283,Male,1,72,47.46,3417.12,Two year,DSL,No
CUST00284,Female,1,54,63.91,3451.14,Month-to-month,DSL,No
CUST00285,Male,1,34,113.46,3857.64,One year,No,No
CUST00286,Male,0,64,115.09,7365.76,Two year,No,No
CUST00287,Female,1,66,47.66,3145.56,Month-to-month,DSL,Yes
CUST00288,Female,0,48,87.16,4183.68,Two year,Fiber optic,No
CUST00289,Male,0,44,89.89,3955.16,Month-to-month,Fiber optic,Yes
CUST00290,Male,1,46,95.31,4384.26,Month-to-month,Fiber optic,Yes
CUST00291,Female,1,35,103.87,3635.45,Two year,DSL,No
CUST00292,Male,0,8,86.81,694.48,Month-to-month,Fiber optic,Yes
CUST00293,Female,0,22,26.06,573.32,Two year,No,No
CUST00294,Male,1,66,73.23,4833.18,Month-to-month,Fiber optic,No
CUST00295,Male,1,30,110.33,3309.9,Month-to-month,DSL,Yes
CUST00296,Female,1,65,27.81,1807.65,Two year,No,Yes
CUST00297,Female,0,30,31.02,930.6,Month-to-month,DSL,No
CUST00298,Male,0,64,50.37,3223.68,Two year,No,No
CUST00299,Female,1,54,97.97,5290.38,Two year,No,No
CUST00300,Female,1,45,61.22,2754.9,One year,No,No
CUST00301,Female,0,68,113.53,7720.04,Two year,No,Yes
CUST00302,Male,0,8,35.86,286.88,Month-to-month,No,Yes
CUST00303,Male,1,37,116.82,4322.34,Month-to-month,DSL,Yes
CUST00304,Male,1,30,40.68,1220.4,Two year,No,No
CUST00305,Female,1,21,93.51,1963.71,Month-to-month,No,Yes
CUST00306,Male,0,2,64.48,128.96,Two year,DSL,Yes
CUST00307,Male,0,35,74.6,2611.0,One year,DSL,Yes
CUST00308,Female,1,1,54.25,54.25,Two year,DSL,Yes
CUST00309,Female,0,14,118.45,1658.3,One year,DSL,No
CUST00310,Female,1,34,52.48,1784.32,One year,No,No
CUST00311,Female,0,44,114.16,5023.04,Month-to-month,No,Yes
CUST00312,Male,0,41,49.09,2012.69,Two year,DSL,No
CUST00313,Female,1,24,103.74,2489.76,Month-to-month,DSL,Yes
CUST00314,Female,1,42,103.35,4340.7,Two year,No,No
CUST00315,Female,1,16,39.18,626.88,One year,Fiber optic,Yes
CUST00316,Female,0,47,71.24,3348.28,One year,No,No
CUST00317,Male,1,1,105.18,105.18,Month-to-month,Fiber optic,Yes
CUST00318,Female,1,49,75.79,3713.71,Month-to-month,No,No
CUST00319,Female,0,55,118.61,6523.55,Month-to-month,Fiber optic,Yes
CUST00320,Female,1,1,78.21,78.21,Two year,DSL,No
CUST00321,Male,0,49,39.1,1915.9,Month-to-month,Fiber optic,No
CUST00322,Male,1,58,92.37,5357.46,One year,Fiber optic,No
CUST00323,Female,0,36,32.11,1155.96,Two year,Fiber optic,No
CUST00324,Female,0,17,74.19,1261.23,Two year,DSL,No
CUST00325,Male,1,34,110.34,3751.56,One year,DSL,No
CUST00326,Female,0,64,24.72,1582.08,Two year,No,No
CUST00327,Male,0,58,98.74,5726.92,Month-to-month,No,Yes
CUST00328,Female,1,23,92.13,2118.99,One year,DSL,No
CUST00329,Female,0,15,37.06,555.9,One year,No,Yes
CUST00330,Male,0,26,99.04,2575.04,One year,DSL,Yes
CUST00331,Female,0,37,94.31,3489.47,One year,DSL,Yes
CUST00332,Female,1,32,23.6,755.2,Month-to-month,No,No
CUST00333,Female,0,5,115.84,579.2,One year,Fiber optic,No
CUST00334,Male,0,49,58.9,2886.1,Month-to-month,No,No
CUST00335,Male,0,53,83.11,4404.83,Month-to-month,DSL,Yes
CUST00336,Male,1,4,82.91,331.64,Two year,No,No
CUST00337,Male,0,12,53.06,636.72,Month-to-month,Fiber optic,No
CUST00338,Male,1,32,68.05,2177.6,One year,Fiber optic,No
CUST00339,Male,1,8,69.53,556.24,One year,DSL,No
CUST00340,Male,1,52,46.88,2437.76,One year,No,Yes
CUST00341,Male,0,38,65.24,2479.12,One year,Fiber optic,No
CUST00342,Female,0,68,27.03,1838.04,Month-to-month,Fiber optic,No
CUST00343,Male,1,3,96.08,288.24,Two year,DSL,No
CUST00344,Female,1,39,90.94,3546.66,One year,No,Yes
CUST00345,Male,1,32,103.37,3307.84,One year,No,No
CUST00346,Female,0,8,47.65,381.2,One year,Fiber optic,No
CUST00347,Male,0,31,39.02,1209.62,Two year,Fiber optic,No
CUST00348,Male,1,25,45.86,1146.5,Month-to-month,No,No
CUST00349,Male,1,60,65.96,3957.6,One year,Fiber optic,No
CUST00350,Female,0,29,31.38,910.02,Month-to-month,DSL,No
CUST00351,Female,0,18,37.23,670.14,Month-to-month,No,Yes
CUST00352,Male,0,5,35.65,178.25,Two year,No,No
CUST00353,Female,0,12,53.13,637.56,Month-to-month,Fiber optic,Yes
CUST00354,Male,0,7,88.02,616.14,Month-to-month,DSL,Yes
CUST00355,Female,0,69,78.35,5406.15,One year,No,Yes
CUST00356,Male,0,63,54.27,3419.01,Two year,No,No
CUST00357,Female,0,28,67.74,1896.72,Month-to-month,No,Yes
CUST00358,Male,1,32,71.86,2299.52,One year,Fiber optic,No
CUST00359,Male,1,34,73.23,2489.82,One year,No,No
CUST00360,Male,1,16,51.78,828.48,Month-to-month,No,No
CUST00361,Male,1,41,75.42,3092.22,Month-to-month,No,No
CUST00362,Female,1,31,116.5,3611.5,One year,Fiber optic,No
CUST00363,Male,1,55,64.6,3553.0,Two year,DSL,No
CUST00364,Male,1,11,59.06,649.66,One year,DSL,No
CUST00365,Male,0,4,26.13,104.52,One year,DSL,No
CUST00366,Female,0,63,118.52,7466.76,Two year,Fiber optic,No
CUST00367,Female,1,58,29.28,1698.24,Two year,Fiber optic,No
CUST00368,Male,0,32,119.64,3828.48,Two year,No,No
CUST00369,Male,0,42,49.29,2070.18,One year,DSL,No
CUST00370,Male,0,64,106.16,6794.24,One year,Fiber optic,No
CUST00371,Male,0,21,52.5,1102.5,Two year,No,No
CUST00372,Male,1,42,97.07,4076.94,Month-to-month,No,Yes
CUST00373,Female,1,2,90.09,180.18,Month-to-month,DSL,Yes
CUST00374,Female,1,28,108.69,3043.32,One year,No,No
CUST00375,Male,1,12,86.64,1039.68,Month-to-month,No,Yes
CUST00376,Male,1,41,49.12,2013.92,One year,DSL,Yes
CUST00377,Female,1,49,91.75,4495.75,Two year,DSL,Yes
CUST00378,Male,1,67,87.51,5863.17,One year,No,Yes
CUST00379,Female,0,46,62.41,2870.86,One year,DSL,No
CUST00380,Female,1,43,45.54,1958.22,Month-to-month,Fiber optic,Yes
CUST00381,Male,1,15,115.73,1735.95,One year,No,No
CUST00382,Female,1,47,77.25,3630.75,One year,No,No
CUST00383,Female,1,24,73.52,1764.48,Two year,No,Yes
CUST00384,Male,1,17,62.57,1063.69,One year,No,Yes
CUST00385,Male,1,15,33.91,508.65,Two year,No,No
CUST00386,Female,1,42,57.18,2401.56,One year,DSL,No
CUST00387,Female,1,2,47.85,95.7,Two year,Fiber optic,No
CUST00388,Female,1,57,97.26,5543.82,One year,No,Yes
CUST00389,Male,1,63,34.77,2190.51,Two year,Fiber optic,No
CUST00390,Male,1,44,24.26,1067.44,Two year,Fiber optic,No
CUST00391,Male,0,31,72.13,2236.03,Month-to-month,DSL,No
CUST00392,Female,1,16,113.11,1809.76,One year,Fiber optic,No
CUST00393,Female,1,32,98.12,3139.84,One year,DSL,No
CUST00394,Male,1,9,28.14,253.26,Two year,Fiber optic,No
CUST00395,Male,1,8,95.38,763.04,Month-to-month,No,Yes
CUST00396,Female,0,59,90.56,5343.04,One year,DSL,Yes
CUST00397,Female,1,70,111.04,7772.8,One year,Fiber optic,Yes
CUST00398,Male,1,28,59.03,1652.84,Two year,DSL,No
CUST00399,Male,0,67,69.72,4671.24,One year,DSL,Yes
CUST00400,Male,0,43,59.12,2542.16,One year,No,No
CUST00401,Female,0,5,110.18,550.9,One year,Fiber optic,Yes
CUST00402,Male,0,12,101.75,1221.0,One year,Fiber optic,Yes
CUST00403,Male,1,67,97.12,6507.04,Two year,Fiber optic,No
CUST00404,Male,0,10,60.08,600.8,Month-to-month,DSL,No
CUST00405,Male,0,66,40.02,2641.32,Month-to-month,Fiber optic,No
CUST00406,Female,1,32,82.12,2627.84,Two year,Fiber optic,No
CUST00407,Female,0,14,81.16,1136.24,Two year,Fiber optic,Yes
CUST00408,Male,1,37,99.14,3668.18,One year,No,No
CUST00409,Female,1,32,100.54,3217.28,Two year,Fiber optic,No
CUST00410,Male,0,52,52.94,2752.88,Month-to-month,DSL,Yes
CUST00411,Female,0,67,118.31,7926.77,Month-to-month,No,Yes
CUST00412,Male,1,25,73.03,1825.75,Month-to-month,DSL,No
CUST00413,Male,0,55,75.14,4132.7,Month-to-month,No,Yes
CUST00414,Male,1,66,103.1,6804.6,One year,Fiber optic,No
CUST00415,Male,1,39,94.26,3676.14,Month-to-month,DSL,Yes
CUST00416,Female,0,55,113.34,6233.7,Two year,No,No
CUST00417,Male,0,49,53.81,2636.69,Two year,DSL,Yes
CUST00418,Male,1,70,68.09,4766.3,Month-to-month,DSL,Yes
CUST00419,Male,1,60,63.13,3787.8,Two year,Fiber optic,No
CUST00420,Male,0,6,73.26,439.56,Month-to-month,Fiber optic,Yes
CUST00421,Male,0,39,92.63,3612.57,One year,Fiber optic,Yes
CUST00422,Female,1,39,76.58,2986.62,Two year,DSL,No
CUST00423,Male,1,39,70.64,2754.96,One year,DSL,Yes
CUST00424,Female,0,4,85.21,340.84,One year,Fiber optic,Yes
CUST00425,Male,0,23,50.87,1170.01,Month-to-month,Fiber optic,No
CUST00426,Male,0,36,112.03,4033.08,Two year,No,No
CUST00427,Female,1,70,28.1,1967.0,One year,No,Yes
CUST00428,Female,0,32,115.38,3692.16,Month-to-month,Fiber optic,Yes
CUST00429,Male,1,38,107.11,4070.18,Month-to-month,Fiber optic,Yes
CUST00430,Male,1,40,39.78,1591.2,One year,Fiber optic,Yes
CUST00431,Male,0,62,61.99,3843.38,Two year,Fiber optic,Yes
CUST00432,Male,1,28,73.52,2058.56,One year,No,No
CUST00433,Female,0,50,28.56,1428.0,Month-to-month,No,No
CUST00434,Male,0,45,85.11,3829.95,One year,DSL,Yes
CUST00435,Male,0,25,113.74,2843.5,One year,Fiber optic,No
CUST00436,Female,1,23,75.5,1736.5,Two year,DSL,No
CUST00437,Female,0,68,109.14,7421.52,Month-to-month,No,Yes
CUST00438,Female,1,46,29.49,1356.54,One year,Fiber optic,No
CUST00439,Male,1,51,55.46,2828.46,Month-to-month,Fiber optic,Yes
CUST00440,Female,1,52,35.77,1860.04,Month-to-month,No,Yes
CUST00441,Male,0,9,69.32,623.88,One year,Fiber optic,No
CUST00442,Female,1,24,78.98,1895.52,Two year,Fiber optic,Yes
CUST00443,Male,0,17,77.3,1314.1,One year,Fiber optic,No
CUST00444,Female,0,36,86.96,3130.56,Two year,Fiber optic,No
CUST00445,Female,0,45,53.16,2392.2,Two year,No,No
CUST00446,Female,1,62,112.16,6953.92,Month-to-month,Fiber optic,Yes
CUST00447,Female,1,68,106.49,7241.32,One year,No,No
CUST00448,Female,0,24,77.32,1855.68,Month-to-month,No,No
CUST00449,Male,0,57,37.12,2115.84,Two year,No,Yes
CUST00450,Female,1,54,119.35,6444.9,Two year,DSL,No
CUST00451,Male,1,40,90.92,3636.8,Two year,DSL,No
CUST00452,Female,1,35,108.43,3795.05,One year,No,Yes
CUST00453,Female,1,13,47.71,620.23,Month-to-month,DSL,No
CUST00454,Male,0,34,103.98,3535.32,Month-to-month,Fiber optic,Yes
CUST00455,Female,0,58,119.5,6931.0,One year,DSL,Yes
CUST00456,Male,0,49,101.16,4956.84,Two year,DSL,Yes
CUST00457,Female,0,53,103.63,5492.39,One year,DSL,No
CUST00458,Female,0,43,113.94,4899.42,One year,No,No
CUST00459,Male,0,47,22.58,1061.26,One year,Fiber optic,Yes
CUST00460,Female,0,25,79.45,1986.25,One year,No,Yes
CUST00461,Male,0,56,100.65,5636.4,Two year,DSL,Yes
CUST00462,Male,0,49,101.67,4981.83,Two year,No,No
CUST00463,Male,1,4,72.05,288.2,Month-to-month,No,Yes
CUST00464,Male,1,67,75.45,5055.15,Two year,Fiber optic,No
CUST00465,Male,1,45,35.46,1595.7,Two year,DSL,No
CUST00466,Female,1,50,62.07,3103.5,Month-to-month,No,Yes
CUST00467,Female,0,70,106.4,7448.0,Month-to-month,No,Yes
CUST00468,Male,0,38,90.45,3437.1,Two year,Fiber optic,No
CUST00469,Male,1,46,109.21,5023.66,One year,No,Yes
CUST00470,Female,1,67,50.28,3368.76,Month-to-month,DSL,No
CUST00471,Male,0,22,71.72,1577.84,Two year,Fiber optic,No
CUST00472,Female,1,3,118.19,354.57,Two year,Fiber optic,No
CUST00473,Male,1,60,48.4,2904.0,One year,DSL,Yes
CUST00474,Female,1,30,58.21,1746.3,Month-to-month,No,No
CUST00475,Male,0,56,54.29,3040.24,One year,Fiber optic,Yes
CUST00476,Male,1,1,98.49,98.49,Month-to-month,No,Yes
CUST00477,Male,0,60,99.44,5966.4,One year,Fiber optic,No
CUST00478,Male,0,48,34.47,1654.56,One year,Fiber optic,No
CUST00479,Male,1,37,69.8,2582.6,Two year,DSL,Yes
CUST00480,Female,0,26,66.93,1740.18,Two year,DSL,Yes
CUST00481,Male,0,4,101.02,404.08,Month-to-month,Fiber optic,Yes
CUST00482,Female,0,35,75.82,2653.7,Month-to-month,Fiber optic,Yes
CUST00483,Female,0,49,114.38,5604.62,Two year,No,No
CUST00484,Male,0,68,40.97,2785.96,Month-to-month,No,No
CUST00485,Male,0,51,21.27,1084.77,Two year,Fiber optic,No
CUST00486,Female,0,48,22.24,1067.52,Month-to-month,DSL,No
CUST00487,Male,1,33,118.89,3923.37,Month-to-month,DSL,Yes
CUST00488,Female,1,67,115.77,7756.59,Month-to-month,Fiber optic,Yes
CUST00489,Female,1,26,46.02,1196.52,Two year,No,No
CUST00490,Female,1,32,36.53,1168.96,One year,DSL,Yes
CUST00491,Male,1,11,55.78,613.58,Two year,DSL,No
CUST00492,Female,0,64,30.98,1982.72,One year,No,No
CUST00493,Female,1,33,29.22,964.26,Two year,Fiber optic,Yes
CUST00494,Male,0,24,65.23,1565.52,Two year,No,Yes
CUST00495,Male,0,8,97.22,777.76,Month-to-month,Fiber optic,Yes
CUST00496,Female,0,26,30.74,799.24,Month-to-month,Fiber optic,Yes
CUST00497,Male,1,59,56.78,3350.02,Month-to-month,Fiber optic,No
CUST00498,Male,0,19,62.53,1188.07,One year,Fiber optic,No
CUST00499,Male,0,35,34.92,1222.2,Month-to-month,No,Yes
CUST00500,Male,0,34,91.05,3095.7,Month-to-month,DSL,Yes
CUST00501,Male,0,4,49.21,196.84,Month-to-month,Fiber optic,No
CUST00502,Male,0,14,57.88,810.32,One year,DSL,Yes
CUST00503,Female,0,35,22.24,778.4,One year,No,Yes
CUST00504,Male,1,8,50.25,402.0,Month-to-month,Fiber optic,Yes
CUST00505,Male,0,16,62.69,1003.04,Month-to-month,DSL,No
CUST00506,Female,0,43,79.22,3406.46,Month-to-month,DSL,No
CUST00507,Male,0,42,95.96,4030.32,Two year,No,No
CUST00508,Male,1,2,33.01,66.02,Two year,No,Yes
CUST00509,Male,1,63,81.67,5145.21,Month-to-month,No,Yes
CUST00510,Male,0,32,69.08,2210.56,One year,DSL,No
CUST00511,Female,1,34,20.77,706.18,Two year,Fiber optic,No
CUST00512,Female,0,38,74.14,2817.32,One year,DSL,Yes
CUST00513,Male,1,63,116.58,7344.54,Two year,Fiber optic,No
CUST00514,Female,0,38,69.87,2655.06,One year,DSL,No
CUST00515,Male,1,70,28.98,2028.6,One year,Fiber optic,Yes
CUST00516,Male,0,27,88.33,2384.91,Month-to-month,No,Yes
CUST00517,Male,0,60,88.18,5290.8,Month-to-month,Fiber optic,Yes
CUST00518,Female,0,68,119.9,8153.2,Month-to-month,DSL,Yes
CUST00519,Male,0,53,70.22,3721.66,Two year,DSL,No
CUST00520,Female,1,67,116.22,7786.74,One year,Fiber optic,No
CUST00521,Male,0,44,43.24,1902.56,Month-to-month,DSL,Yes
CUST00522,Female,0,5,77.68,388.4,Month-to-month,No,Yes
CUST00523,Female,1,5,102.6,513.0,Month-to-month,No,Yes
CUST00524,Female,0,40,88.55,3542.0,Two year,No,No
CUST00525,Male,1,9,94.25,848.25,One year,DSL,No
CUST00526,Female,0,38,88.66,3369.08,One year,Fiber optic,No
CUST00527,Female,1,1,21.26,21.26,Two year,DSL,No
CUST00528,Male,1,1,117.58,117.58,One year,No,No
CUST00529,Female,0,56,59.88,3353.28,Two year,No,No
CUST00530,Female,1,39,116.88,4558.32,Month-to-month,Fiber optic,Yes
CUST00531,Female,1,50,101.61,5080.5,Two year,DSL,No
CUST00532,Male,1,61,90.47,5518.67,Month-to-month,No,Yes
CUST00533,Male,1,56,98.42,5511.52,One year,Fiber optic,Yes
CUST00534,Female,1,65,45.85,2980.25,Month-to-month,No,No
CUST00535,Male,1,71,23.36,1658.56,Two year,DSL,Yes
CUST00536,Female,1,29,26.67,773.43,One year,No,Yes
CUST00537,Male,1,52,99.62,5180.24,Two year,No,No
CUST00538,Female,1,26,20.32,528.32,Month-to-month,DSL,No
CUST00539,Male,0,65,46.44,3018.6,One year,No,No
CUST00540,Male,1,26,82.68,2149.68,Two year,No,No
CUST00541,Male,0,19,33.81,642.39,One year,Fiber optic,Yes
CUST00542,Male,1,70,115.59,8091.3,One year,Fiber optic,Yes
CUST00543,Female,1,66,48.72,3215.52,One year,No,No
CUST00544,Male,0,7,34.87,244.09,One year,No,No
CUST00545,Male,1,28,104.95,2938.6,Month-to-month,DSL,Yes
CUST00546,Male,1,12,114.07,1368.84,Month-to-month,No,Yes
CUST00547,Male,0,4,43.17,172.68,One year,Fiber optic,No
CUST00548,Female,0,25,110.31,2757.75,Two year,No,Yes
CUST00549,Male,1,46,101.76,4680.96,Month-to-month,No,Yes
CUST00550,Female,1,35,107.86,3775.1,Two year,No,Yes
CUST00551,Male,0,29,52.22,1514.38,One year,Fiber optic,Yes
CUST00552,Male,0,44,65.68,2889.92,Two year,DSL,Yes
CUST00553,Male,1,15,79.0,1185.0,Two year,No,No
CUST00554,Female,0,23,99.83,2296.09,One year,DSL,No
CUST00555,Male,0,3,29.51,88.53,Month-to-month,No,No
CUST00556,Female,0,8,116.67,933.36,Month-to-month,DSL,Yes
CUST00557,Male,1,67,51.45,3447.15,Two year,DSL,No
CUST00558,Female,1,34,24.08,818.72,Month-to-month,No,No
CUST00559,Male,0,6,86.46,518.76,One year,DSL,Yes
CUST00560,Female,0,33,45.77,1510.41,Month-to-month,No,Yes
CUST00561,Female,1,57,58.02,3307.14,One year,Fiber optic,Yes
CUST00562,Female,1,54,91.94,4964.76,Month-to-month,Fiber optic,Yes
CUST00563,Female,0,50,86.25,4312.5,Month-to-month,DSL,Yes
CUST00564,Female,0,1,29.92,29.92,Two year,No,No
CUST00565,Male,0,5,78.34,391.7,One year,No,No
CUST00566,Male,0,2,108.73,217.46,Month-to-month,Fiber optic,Yes
CUST00567,Female,0,22,117.59,2586.98,One year,No,No
CUST00568,Female,1,52,22.18,1153.36,Month-to-month,Fiber optic,No
CUST00569,Male,1,32,76.88,2460.16,Two year,DSL,No
CUST00570,Male,0,42,45.49,1910.58,One year,No,No
CUST00571,Female,1,71,76.27,5415.17,One year,No,No
CUST00572,Male,0,66,29.76,1964.16,One year,DSL,Yes
CUST00573,Male,1,72,20.18,1452.96,One year,No,Yes
CUST00574,Female,0,3,119.87,359.61,Two year,DSL,No
CUST00575,Female,0,38,110.48,4198.24,Two year,Fiber optic,Yes
CUST00576,Male,0,10,41.73,417.3,One year,DSL,No
CUST00577,Male,0,67,94.1,6304.7,Two year,Fiber optic,No
CUST00578,Male,0,68,110.22,7494.96,Month-to-month,Fiber optic,Yes
CUST00579,Male,1,35,100.18,3506.3,One year,DSL,No
CUST00580,Female,1,18,55.96,1007.28,Month-to-month,Fiber optic,No
CUST00581,Male,1,40,73.9,2956.0,One year,DSL,No
CUST00582,Female,1,14,110.69,1549.66,Month-to-month,No,Yes
CUST00583,Female,1,23,67.8,1559.4,Two year,No,No
CUST00584,Female,1,57,61.38,3498.66,Two year,Fiber optic,No
CUST00585,Female,1,24,69.78,1674.72,Two year,Fiber optic,Yes
CUST00586,Female,1,8,49.87,398.96,One year,DSL,No
CUST00587,Male,1,1,85.55,85.55,Month-to-month,DSL,Yes
CUST00588,Female,1,5,99.52,497.6,Month-to-month,Fiber optic,Yes
CUST00589,Female,0,15,99.33,1489.95,Month-to-month,No,Yes
CUST00590,Female,1,41,69.87,2864.67,One year,Fiber optic,Yes
CUST00591,Female,1,5,111.09,555.45,One year,No,No
CUST00592,Male,0,61,21.21,1293.81,Month-to-month,DSL,Yes
CUST00593,Female,1,20,55.62,1112.4,Two year,DSL,No
CUST00594,Male,0,6,23.64,141.84,Month-to-month,DSL,Yes
CUST00595,Female,0,54,23.55,1271.7,Two year,No,No
CUST00596,Male,0,72,58.43,4206.96,Two year,DSL,Yes
CUST00597,Male,0,59,23.67,1396.53,One year,No,Yes
CUST00598,Male,1,22,62.57,1376.54,Two year,No,No
CUST00599,Female,0,69,75.76,5227.44,One year,DSL,Yes
CUST00600,Male,1,22,114.11,2510.42,Month-to-month,No,Yes
CUST00601,Male,0,56,114.27,6399.12,Two year,Fiber optic,Yes
CUST00602,Male,0,55,22.46,1235.3,One year,DSL,No
CUST00603,Male,0,34,67.12,2282.08,Month-to-month,DSL,No
CUST00604,Female,1,55,105.11,5781.05,One year,Fiber optic,No
CUST00605,Female,0,36,40.56,1460.16,Two year,Fiber optic,No
CUST00606,Female,1,49,29.01,1421.49,One year,DSL,No
CUST00607,Male,1,42,113.96,4786.32,Month-to-month,Fiber optic,Yes
CUST00608,Female,0,16,103.49,1655.84,Month-to-month,No,Yes
CUST00609,Female,0,37,102.72,3800.64,Two year,DSL,Yes
CUST00610,Male,1,3,42.91,128.73,Two year,DSL,Yes
CUST00611,Male,1,43,110.66,4758.38,Month-to-month,DSL,Yes
CUST00612,Male,0,8,49.79,398.32,One year,DSL,Yes
CUST00613,Female,1,16,27.68,442.88,Month-to-month,No,No
CUST00614,Male,0,15,24.47,367.05,Two year,DSL,No
CUST00615,Female,0,1,109.55,109.55,Month-to-month,No,Yes
CUST00616,Male,1,71,77.51,5503.21,One year,Fiber optic,Yes
CUST00617,Female,1,16,53.97,863.52,Two year,DSL,No
CUST00618,Female,0,56,103.63,5803.28,Month-to-month,Fiber optic,Yes
CUST00619,Female,0,67,92.12,6172.04,Two year,No,Yes
CUST00620,Male,1,64,60.3,3859.2,One year,No,No
CUST00621,Female,1,18,55.88,1005.84,Month-to-month,Fiber optic,No
CUST00622,Male,1,56,86.49,4843.44,Two year,Fiber optic,No
CUST00623,Female,0,67,20.23,1355.41,Two year,DSL,No
CUST00624,Male,1,11,22.86,251.46,One year,Fiber optic,No
CUST00625,Female,1,23,94.48,2173.04,Month-to-month,No,Yes
CUST00626,Male,1,15,95.41,1431.15,Two year,DSL,No
CUST00627,Female,0,21,109.66,2302.86,One year,No,No
CUST00628,Male,0,53,60.92,3228.76,Month-to-month,Fiber optic,No
CUST00629,Female,1,39,95.64,3729.96,One year,DSL,Yes
CUST00630,Female,1,21,81.09,1702.89,Month-to-month,Fiber optic,Yes
CUST00631,Female,1,59,57.19,3374.21,One year,Fiber optic,Yes
CUST00632,Female,1,25,89.82,2245.5,Month-to-month,Fiber optic,Yes
CUST00633,Female,1,62,113.97,7066.14,Month-to-month,Fiber optic,Yes
CUST00634,Female,0,37,43.71,1617.27,One year,No,No
CUST00635,Male,1,33,40.53,1337.49,One year,No,No
CUST00636,Female,0,45,112.55,5064.75,Month-to-month,No,Yes
CUST00637,Male,1,14,63.06,882.84,Two year,No,No
CUST00638,Female,0,46,51.29,2359.34,Two year,No,No
CUST00639,Male,0,10,55.16,551.6,One year,Fiber optic,Yes
CUST00640,Male,1,57,74.65,4255.05,One year,DSL,No
CUST00641,Female,1,61,95.08,5799.88,Month-to-month,DSL,Yes
CUST00642,Female,1,68,47.15,3206.2,One year,Fiber optic,No
CUST00643,Male,0,63,76.35,4810.05,Two year,Fiber optic,No
CUST00644,Male,1,11,27.74,305.14,One year,DSL,Yes
CUST00645,Female,0,23,58.82,1352.86,Month-to-month,No,Yes
CUST00646,Female,0,8,55.15,441.2,Month-to-month,Fiber optic,No
CUST00647,Male,1,12,43.27,519.24,Two year,Fiber optic,No
CUST00648,Male,0,52,69.57,3617.64,Two year,Fiber optic,No
CUST00649,Female,0,34,21.14,718.76,Month-to-month,No,Yes
CUST00650,Female,1,17,46.83,796.11,Two year,Fiber optic,Yes
CUST00651,Male,0,57,91.95,5241.15,Month-to-month,No,Yes
CUST00652,Female,1,70,79.39,5557.3,Two year,DSL,No
CUST00653,Male,0,69,93.59,6457.71,Month-to-month,No,Yes
CUST00654,Male,0,50,41.5,2075.0,One year,Fiber optic,No
CUST00655,Female,0,33,41.18,1358.94,Two year,DSL,No
CUST00656,Male,1,11,92.13,1013.43,Two year,No,No
CUST00657,Male,0,4,52.52,210.08,Two year,No,No
CUST00658,Male,1,8,41.04,328.32,Two year,DSL,No
CUST00659,Female,0,34,41.05,1395.7,Month-to-month,No,No
CUST00660,Male,0,37,105.45,3901.65,Two year,Fiber optic,Yes
CUST00661,Female,1,24,71.5,1716.0,Two year,Fiber optic,No
CUST00662,Female,1,30,20.92,627.6,One year,Fiber optic,Yes
CUST00663,Male,0,5,87.59,437.95,Two year,Fiber optic,Yes
CUST00664,Male,0,67,100.19,6712.73,One year,Fiber optic,No
CUST00665,Female,1,40,41.17,1646.8,Two year,No,Yes
CUST00666,Female,1,47,21.3,1001.1,Two year,Fiber optic,No
CUST00667,Male,1,31,116.34,3606.54,One year,No,No
CUST00668,Female,1,56,91.86,5144.16,Two year,Fiber optic,No
CUST00669,Female,1,26,100.56,2614.56,One year,Fiber optic,Yes
CUST00670,Male,0,60,94.07,5644.2,Two year,DSL,No
CUST00671,Male,0,8,117.85,942.8,Two year,No,No
CUST00672,Male,1,32,110.01,3520.32,Two year,Fiber optic,Yes
CUST00673,Female,0,60,101.59,6095.4,Two year,No,No
CUST00674,Male,1,11,53.68,590.48,One year,Fiber optic,No
CUST00675,Male,0,27,69.86,1886.22,Two year,No,No
CUST00676,Female,0,34,79.55,2704.7,Two year,Fiber optic,Yes
CUST00677,Female,1,17,108.0,1836.0,Two year,DSL,No
CUST00678,Female,1,8,49.94,399.52,Two year,DSL,Yes
CUST00679,Male,0,37,57.1,2112.7,One year,DSL,Yes
CUST00680,Male,1,42,95.09,3993.78,One year,No,Yes
CUST00681,Male,1,55,108.11,5946.05,Two year,Fiber optic,No
CUST00682,Male,0,3,35.73,107.19,Two year,Fiber optic,No
CUST00683,Female,1,21,26.66,559.86,Month-to-month,No,No
CUST00684,Female,1,60,104.57,6274.2,Two year,DSL,No
CUST00685,Male,0,24,108.3,2599.2,Month-to-month,Fiber optic,Yes
CUST00686,Female,0,18,22.27,400.86,One year,DSL,Yes
CUST00687,Female,1,33,107.61,3551.13,One year,No,Yes
CUST00688,Male,0,61,101.53,6193.33,One year,DSL,Yes
CUST00689,Male,1,12,79.4,952.8,Two year,No,No
CUST00690,Female,0,39,26.44,1031.16,One year,No,Yes
CUST00691,Female,1,28,76.84,2151.52,One year,No,No
CUST00692,Male,0,26,103.08,2680.08,One year,DSL,No
CUST00693,Male,1,72,54.88,3951.36,Two year,No,Yes
CUST00694,Female,0,29,42.1,1220.9,Two year,No,No
CUST00695,Female,1,66,112.94,7454.04,Two year,No,Yes
CUST00696,Male,1,23,101.84,2342.32,Two year,No,No
CUST00697,Male,1,20,39.99,799.8,Month-to-month,Fiber optic,No
CUST00698,Female,0,16,37.65,602.4,One year,Fiber optic,No
CUST00699,Female,0,31,70.5,2185.5,Month-to-month,DSL,No
CUST00700,Female,0,66,42.85,2828.1,One year,DSL,No
CUST00701,Female,0,23,110.14,2533.22,Month-to-month,Fiber optic,Yes
CUST00702,Male,1,49,37.74,1849.26,One year,DSL,No
CUST00703,Male,0,2,73.38,146.76,Two year,DSL,Yes
CUST00704,Female,1,44,77.04,3389.76,Month-to-month,No,No
CUST00705,Male,1,55,35.59,1957.45,Two year,Fiber optic,No
CUST00706,Male,0,34,21.16,719.44,One year,DSL,Yes
CUST00707,Male,0,64,118.61,7591.04,One year,No,Yes
CUST00708,Female,1,18,81.14,1460.52,One year,Fiber optic,No
CUST00709,Male,0,28,33.26,931.28,Month-to-month,Fiber optic,No
CUST00710,Male,0,1,78.32,78.32,Month-to-month,DSL,No
CUST00711,Male,1,9,26.26,236.34,Two year,Fiber optic,Yes
CUST00712,Male,0,14,67.68,947.52,One year,No,Yes
CUST00713,Male,0,54,37.53,2026.62,One year,Fiber optic,No
CUST00714,Male,0,18,74.92,1348.56,One year,Fiber optic,No
CUST00715,Male,1,71,27.05,1920.55,One year,No,No
CUST00716,Female,0,39,76.75,2993.25,One year,Fiber optic,Yes
CUST00717,Male,1,67,78.63,5268.21,Two year,No,No
CUST00718,Male,0,61,92.33,5632.13,One year,No,Yes
CUST00719,Male,0,70,46.11,3227.7,Month-to-month,Fiber optic,Yes
CUST00720,Female,0,3,49.15,147.45,Month-to-month,No,Yes
CUST00721,Male,1,7,101.07,707.49,One year,No,No
CUST00722,Female,0,36,103.7,3733.2,Two year,DSL,No
CUST00723,Male,1,24,38.53,924.72,Two year,DSL,Yes
CUST00724,Male,0,21,119.27,2504.67,One year,DSL,Yes
CUST00725,Male,0,51,110.35,5627.85,Month-to-month,Fiber optic,Yes
CUST00726,Male,1,60,77.99,4679.4,Two year,DSL,Yes
CUST00727,Female,0,24,58.14,1395.36,Two year,Fiber optic,No
CUST00728,Female,1,59,25.58,1509.22,Two year,DSL,Yes
CUST00729,Female,1,60,80.29,4817.4,One year,Fiber optic,No
CUST00730,Male,1,35,52.45,1835.75,One year,DSL,No
CUST00731,Female,0,71,112.55,7991.05,Two year,DSL,Yes
CUST00732,Female,1,43,102.1,4390.3,Month-to-month,No,Yes
CUST00733,Female,1,65,45.54,2960.1,Month-to-month,DSL,No
CUST00734,Female,1,60,57.33,3439.8,One year,DSL,No
CUST00735,Male,0,46,62.71,2884.66,Two year,Fiber optic,Yes
CUST00736,Female,0,8,103.99,831.92,Two year,No,No
CUST00737,Female,0,47,62.7,2946.9,Month-to-month,Fiber optic,No
CUST00738,Female,0,67,57.55,3855.85,Two year,No,No
CUST00739,Female,0,1,60.6,60.6,One year,DSL,Yes
CUST00740,Male,0,45,62.22,2799.9,Month-to-month,Fiber optic,No
CUST00741,Male,0,13,117.94,1533.22,One year,Fiber optic,No
CUST00742,Male,0,10,109.28,1092.8,Month-to-month,DSL,Yes
CUST00743,Male,1,53,116.69,6184.57,Month-to-month,No,Yes
CUST00744,Male,1,51,65.07,3318.57,Month-to-month,DSL,No
CUST00745,Male,0,72,75.18,5412.96,Two year,Fiber optic,No
CUST00746,Male,1,3,99.0,297.0,One year,Fiber optic,Yes
CUST00747,Male,0,49,52.93,2593.57,Two year,No,Yes
CUST00748,Male,0,63,48.88,3079.44,One year,No,Yes
CUST00749,Female,0,41,30.87,1265.67,One year,Fiber optic,No
CUST00750,Female,0,7,82.08,574.56,Month-to-month,Fiber optic,Yes
CUST00751,Male,1,55,52.56,2890.8,Two year,No,No
CUST00752,Female,0,23,71.27,1639.21,One year,DSL,No
CUST00753,Female,0,2,84.9,169.8,One year,Fiber optic,Yes
CUST00754,Female,0,35,116.74,4085.9,One year,No,No
CUST00755,Male,1,6,37.44,224.64,One year,DSL,Yes
CUST00756,Female,1,14,70.71,989.94,Two year,Fiber optic,No
CUST00757,Female,0,18,53.24,958.32,One year,Fiber optic,No
CUST00758,Male,1,69,51.73,3569.37,Two year,No,No
CUST00759,Female,0,54,51.89,2802.06,One year,DSL,Yes
CUST00760,Female,1,9,116.58,1049.22,Month-to-month,Fiber optic,Yes
CUST00761,Female,0,45,108.1,4864.5,Two year,DSL,No
CUST00762,Female,1,64,83.5,5344.0,Month-to-month,Fiber optic,Yes
CUST00763,Male,0,71,102.17,7254.07,Two year,No,No
CUST00764,Male,0,37,50.6,1872.2,Month-to-month,DSL,No
CUST00765,Male,1,14,65.47,916.58,One year,DSL,No
CUST00766,Male,1,49,48.01,2352.49,Month-to-month,Fiber optic,No
CUST00767,Male,1,67,118.44,7935.48,Two year,No,No
CUST00768,Female,1,59,92.51,5458.09,One year,No,Yes
CUST00769,Male,1,31,91.96,2850.76,Two year,DSL,Yes
CUST00770,Female,1,9,106.23,956.07,Month-to-month,No,Yes
CUST00771,Male,0,62,51.49,3192.38,Two year,DSL,Yes
CUST00772,Female,1,38,62.97,2392.86,One year,No,Yes
CUST00773,Female,1,44,54.59,2401.96,One year,No,No
CUST00774,Male,0,34,32.42,1102.28,Month-to-month,DSL,No
CUST00775,Female,1,2,82.01,164.02,Month-to-month,Fiber optic,Yes
CUST00776,Female,0,8,55.56,444.48,One year,Fiber optic,No
CUST00777,Male,1,39,67.13,2618.07,Two year,No,Yes
CUST00778,Female,1,16,39.09,625.44,Two year,DSL,Yes
CUST00779,Male,0,27,105.48,2847.96,One year,No,No
CUST00780,Male,1,31,60.68,1881.08,Two year,No,No
CUST00781,Female,0,70,109.55,7668.5,One year,Fiber optic,Yes
CUST00782,Female,1,64,33.81,2163.84,Month-to-month,DSL,No
CUST00783,Female,1,16,103.43,1654.88,Two year,Fiber optic,Yes
CUST00784,Female,1,66,39.27,2591.82,One year,No,No
CUST00785,Female,0,54,112.65,6083.1,One year,DSL,No
CUST00786,Female,1,69,102.08,7043.52,Two year,DSL,Yes
CUST00787,Male,0,4,26.64,106.56,One year,No,No
CUST00788,Male,1,19,28.95,550.05,One year,No,No
CUST00789,Male,0,8,24.04,192.32,Two year,Fiber optic,No
CUST00790,Female,0,4,63.25,253.0,Month-to-month,DSL,No
CUST00791,Male,1,64,38.18,2443.52,One year,No,No
CUST00792,Female,1,8,97.09,776.72,Month-to-month,DSL,Yes
CUST00793,Female,0,68,97.94,6659.92,One year,Fiber optic,No
CUST00794,Female,1,12,78.62,943.44,One year,DSL,No
CUST00795,Male,0,19,46.64,886.16,One year,DSL,No
CUST00796,Male,0,35,83.36,2917.6,Two year,No,Yes
CUST00797,Male,1,49,71.77,3516.73,Two year,No,Yes
CUST00798,Female,0,71,101.51,7207.21,Two year,DSL,Yes
CUST00799,Male,1,33,55.44,1829.52,Month-to-month,DSL,Yes
CUST00800,Female,1,17,30.84,524.28,One year,No,No
CUST00801,Male,1,14,44.8,627.2,Two year,No,No
CUST00802,Male,0,59,25.79,1521.61,One year,No,Yes
CUST00803,Male,0,19,108.5,2061.5,Two year,No,No
CUST00804,Male,1,34,41.61,1414.74,Month-to-month,Fiber optic,Yes
CUST00805,Male,1,53,69.04,3659.12,One year,DSL,No
CUST00806,Male,0,40,62.81,2512.4,Month-to-month,DSL,No
CUST00807,Male,0,24,76.91,1845.84,Month-to-month,No,No
CUST00808,Female,0,56,112.1,6277.6,Two year,No,No
CUST00809,Male,1,16,23.54,376.64,One year,No,Yes
CUST00810,Female,0,18,39.44,709.92,Two year,No,Yes
CUST00811,Male,0,25,98.05,2451.25,Two year,Fiber optic,No
CUST00812,Female,0,41,44.78,1835.98,One year,No,Yes
CUST00813,Female,0,14,117.97,1651.58,Month-to-month,No,Yes
CUST00814,Male,1,3,105.97,317.91,Two year,No,No
CUST00815,Male,0,25,81.24,2031.0,One year,Fiber optic,No
CUST00816,Female,0,24,110.54,2652.96,Month-to-month,Fiber optic,Yes
CUST00817,Male,0,59,54.74,3229.66,One year,Fiber optic,No
CUST00818,Male,0,62,118.66,7356.92,Two year,Fiber optic,Yes
CUST00819,Male,1,37,115.03,4256.11,One year,Fiber optic,No
CUST00820,Female,0,67,85.21,5709.07,One year,No,No
CUST00821,Female,0,2,99.65,199.3,Month-to-month,DSL,Yes
CUST00822,Male,1,2,69.51,139.02,One year,Fiber optic,Yes
CUST00823,Female,0,61,47.19,2878.59,One year,DSL,Yes
CUST00824,Female,0,11,39.79,437.69,Two year,Fiber optic,No
CUST00825,Male,1,6,55.3,331.8,One year,Fiber optic,Yes
CUST00826,Male,1,8,95.84,766.72,Two year,Fiber optic,Yes
CUST00827,Female,1,47,57.36,2695.92,Two year,No,No
CUST00828,Female,1,36,68.21,2455.56,Month-to-month,No,No
CUST00829,Female,0,16,46.33,741.28,One year,DSL,No
CUST00830,Female,0,64,34.08,2181.12,Month-to-month,No,No
CUST00831,Female,1,6,100.74,604.44,One year,No,No
CUST00832,Male,1,66,96.24,6351.84,Two year,DSL,Yes
CUST00833,Female,1,20,90.88,1817.6,Two year,DSL,Yes
CUST00834,Female,0,46,78.52,3611.92,Two year,No,No
CUST00835,Male,1,12,101.83,1221.96,Two year,No,Yes
CUST00836,Female,0,29,76.65,2222.85,Month-to-month,DSL,Yes
CUST00837,Female,0,55,79.67,4381.85,One year,Fiber optic,No
CUST00838,Male,1,70,21.46,1502.2,Month-to-month,Fiber optic,No
CUST00839,Female,0,63,112.06,7059.78,Two year,Fiber optic,No
CUST00840,Male,0,37,91.98,3403.26,Month-to-month,No,Yes
CUST00841,Male,0,22,43.51,957.22,Month-to-month,DSL,Yes
CUST00842,Male,0,50,106.37,5318.5,One year,Fiber optic,Yes
CUST00843,Male,0,30,104.37,3131.1,Two year,No,No
CUST00844,Female,1,63,24.33,1532.79,One year,DSL,No
CUST00845,Male,0,47,52.65,2474.55,Month-to-month,No,No
CUST00846,Female,0,27,118.55,3200.85,One year,Fiber optic,No
CUST00847,Male,1,17,29.05,493.85,Two year,No,No
CUST00848,Female,1,20,60.81,1216.2,Two year,No,No
CUST00849,Female,0,48,78.49,3767.52,Two year,No,No
CUST00850,Male,1,18,46.5,837.0,One year,DSL,Yes
CUST00851,Female,0,13,80.11,1041.43,Month-to-month,Fiber optic,Yes
CUST00852,Female,0,57,89.54,5103.78,One year,Fiber optic,Yes
CUST00853,Male,1,66,67.08,4427.28,Month-to-month,DSL,No
CUST00854,Female,1,12,69.73,836.76,One year,DSL,Yes
CUST00855,Female,1,26,94.26,2450.76,Two year,Fiber optic,Yes
CUST00856,Male,1,59,45.65,2693.35,One year,DSL,No
CUST00857,Female,0,52,56.4,2932.8,Two year,DSL,Yes
CUST00858,Male,1,43,103.26,4440.18,Month-to-month,DSL,Yes
CUST00859,Female,1,70,58.2,4074.0,Two year,DSL,Yes
CUST00860,Male,1,35,34.28,1199.8,Month-to-month,No,No
CUST00861,Female,0,57,25.12,1431.84,Month-to-month,No,No
CUST00862,Male,1,55,76.52,4208.6,One year,No,No
CUST00863,Male,0,6,62.96,377.76,Two year,No,No
CUST00864,Female,0,37,118.85,4397.45,Two year,DSL,No
CUST00865,Female,1,2,45.73,91.46,Two year,DSL,No
CUST00866,Female,1,2,61.26,122.52,Two year,Fiber optic,No
CUST00867,Female,1,41,57.62,2362.42,Month-to-month,DSL,No
CUST00868,Male,1,57,101.27,5772.39,Two year,Fiber optic,No
CUST00869,Male,0,52,106.55,5540.6,Two year,Fiber optic,Yes
CUST00870,Female,1,48,113.98,5471.04,Month-to-month,No,Yes
CUST00871,Male,0,32,38.18,1221.76,Two year,No,No
CUST00872,Male,0,46,36.96,1700.16,Month-to-month,No,Yes
CUST00873,Male,1,41,71.03,2912.23,Month-to-month,DSL,Yes
CUST00874,Female,1,16,29.71,475.36,One year,Fiber optic,No
CUST00875,Male,0,30,35.77,1073.1,One year,No,No
CUST00876,Female,1,18,30.98,557.64,Two year,No,Yes
CUST00877,Male,1,63,112.55,7090.65,Two year,Fiber optic,Yes
CUST00878,Male,1,2,41.92,83.84,One year,DSL,No
CUST00879,Male,0,43,83.78,3602.54,Month-to-month,No,Yes
CUST00880,Male,1,69,72.09,4974.21,Month-to-month,No,Yes
CUST00881,Female,1,41,66.74,2736.34,Two year,Fiber optic,Yes
CUST00882,Male,0,13,53.57,696.41,Month-to-month,No,No
CUST00883,Male,0,19,116.96,2222.24,Two year,Fiber optic,Yes
CUST00884,Female,1,72,103.09,7422.48,One year,No,No
CUST00885,Male,1,5,73.34,366.7,One year,DSL,No
CUST00886,Female,0,68,109.03,7414.04,One year,Fiber optic,Yes
CUST00887,Male,1,18,78.36,1410.48,Two year,Fiber optic,No
CUST00888,Male,1,13,26.37,342.81,Month-to-month,No,No
CUST00889,Male,0,58,85.64,4967.12,Month-to-month,DSL,Yes
CUST00890,Female,1,17,47.08,800.36,Two year,No,No
CUST00891,Male,1,37,55.36,2048.32,Two year,DSL,No
CUST00892,Male,1,53,41.15,2180.95,Two year,No,No
CUST00893,Female,1,14,119.75,1676.5,One year,Fiber optic,No
CUST00894,Female,1,54,73.21,3953.34,Two year,DSL,Yes
CUST00895,Male,1,9,35.3,317.7,Two year,Fiber optic,No
CUST00896,Male,0,37,37.76,1397.12,Month-to-month,No,No
CUST00897,Female,0,7,31.53,220.71,Month-to-month,Fiber optic,No
CUST00898,Male,1,21,53.1,1115.1,One year,No,Yes
CUST00899,Female,0,42,76.37,3207.54,Month-to-month,No,No
CUST00900,Male,0,14,53.34,746.76,Two year,Fiber optic,No
CUST00901,Male,1,28,116.78,3269.84,One year,DSL,Yes
CUST00902,Male,1,30,77.15,2314.5,Month-to-month,DSL,Yes
CUST00903,Female,1,55,75.29,4140.95,One year,DSL,Yes
CUST00904,Female,1,48,66.45,3189.6,Month-to-month,DSL,No
CUST00905,Female,1,9,23.71,213.39,Month-to-month,No,Yes
CUST00906,Female,0,64,114.01,7296.64,Two year,Fiber optic,No
CUST00907,Female,0,19,114.99,2184.81,One year,Fiber optic,No
CUST00908,Male,0,4,86.54,346.16,One year,DSL,No
CUST00909,Male,0,41,45.3,1857.3,Month-to-month,DSL,No
CUST00910,Female,0,42,41.3,1734.6,Two year,DSL,No
CUST00911,Male,0,52,55.26,2873.52,Month-to-month,Fiber optic,No
CUST00912,Male,0,15,92.19,1382.85,Month-to-month,DSL,Yes
CUST00913,Male,1,14,74.48,1042.72,One year,No,No
CUST00914,Male,1,3,101.56,304.68,Month-to-month,DSL,Yes
CUST00915,Female,0,27,81.94,2212.38,Month-to-month,Fiber optic,Yes
CUST00916,Female,0,68,31.43,2137.24,Two year,No,Yes
CUST00917,Female,0,15,41.56,623.4,Two year,No,No
CUST00918,Female,0,54,30.27,1634.58,Two year,Fiber optic,No
CUST00919,Female,0,29,69.59,2018.11,Two year,No,Yes
CUST00920,Female,1,9,21.11,189.99,Month-to-month,No,Yes
CUST00921,Male,1,32,74.71,2390.72,Month-to-month,Fiber optic,No
CUST00922,Female,1,70,99.32,6952.4,One year,No,No
CUST00923,Female,0,48,93.73,4499.04,One year,Fiber optic,No
CUST00924,Female,1,51,102.36,5220.36,One year,No,No
CUST00925,Male,0,72,62.77,4519.44,Month-to-month,No,No
CUST00926,Female,1,59,106.3,6271.7,Month-to-month,No,Yes
CUST00927,Female,1,58,61.57,3571.06,Two year,No,No
CUST00928,Female,0,7,95.38,667.66,One year,No,No
CUST00929,Female,1,49,22.21,1088.29,One year,Fiber optic,No
CUST00930,Male,0,9,42.47,382.23,Two year,No,No
CUST00931,Female,1,20,27.74,554.8,Two year,DSL,No
CUST00932,Female,0,12,89.81,1077.72,Two year,No,No
CUST00933,Male,1,3,44.37,133.11,Two year,Fiber optic,No
CUST00934,Male,0,21,113.57,2384.97,One year,DSL,No
CUST00935,Female,1,72,103.04,7418.88,One year,Fiber optic,Yes
CUST00936,Female,0,42,52.49,2204.58,Two year,DSL,Yes
CUST00937,Male,0,65,104.23,6774.95,Two year,DSL,No
CUST00938,Male,1,22,76.08,1673.76,Two year,DSL,No
CUST00939,Female,0,59,64.4,3799.6,Month-to-month,Fiber optic,No
CUST00940,Female,0,40,53.55,2142.0,Month-to-month,Fiber optic,No
CUST00941,Male,0,56,50.49,2827.44,One year,No,No
CUST00942,Male,1,10,25.83,258.3,One year,DSL,No
CUST00943,Female,1,61,92.51,5643.11,One year,DSL,No
CUST00944,Female,0,20,118.08,2361.6,Two year,DSL,No
CUST00945,Female,1,1,51.7,51.7,Month-to-month,Fiber optic,No
CUST00946,Male,1,61,114.13,6961.93,One year,No,No
CUST00947,Male,1,37,66.14,2447.18,One year,DSL,No
CUST00948,Female,1,3,20.36,61.08,Two year,DSL,No
CUST00949,Female,1,53,91.73,4861.69,Month-to-month,No,Yes
CUST00950,Male,1,24,26.52,636.48,Two year,DSL,No
CUST00951,Male,1,36,94.34,3396.24,Month-to-month,Fiber optic,Yes
CUST00952,Female,1,4,43.01,172.04,Two year,DSL,No
CUST00953,Female,1,52,30.35,1578.2,Two year,Fiber optic,No
CUST00954,Female,1,9,46.11,414.99,Two year,No,No
CUST00955,Female,1,52,52.08,2708.16,One year,Fiber optic,No
CUST00956,Male,1,68,92.12,6264.16,Month-to-month,No,Yes
CUST00957,Male,0,71,70.05,4973.55,Two year,Fiber optic,No
CUST00958,Female,1,1,58.73,58.73,Two year,Fiber optic,Yes
CUST00959,Male,1,34,41.33,1405.22,Month-to-month,DSL,No
CUST00960,Male,1,69,97.56,6731.64,Two year,No,No
CUST00961,Female,1,42,85.52,3591.84,Month-to-month,No,Yes
CUST00962,Female,1,18,103.77,1867.86,Month-to-month,DSL,Yes
CUST00963,Female,1,66,22.36,1475.76,Two year,Fiber optic,No
CUST00964,Male,0,52,108.09,5620.68,One year,DSL,No
CUST00965,Male,0,30,113.76,3412.8,One year,DSL,No
CUST00966,Female,0,66,43.41,2865.06,Month-to-month,Fiber optic,No
CUST00967,Female,1,19,84.82,1611.58,One year,Fiber optic,No
CUST00968,Female,0,27,70.44,1901.88,Month-to-month,Fiber optic,Yes
CUST00969,Male,1,38,101.14,3843.32,Two year,DSL,Yes
CUST00970,Male,0,68,79.93,5435.24,Month-to-month,No,Yes
CUST00971,Female,0,34,93.12,3166.08,One year,No,No
CUST00972,Female,0,34,82.79,2814.86,Two year,No,No
CUST00973,Female,0,69,107.57,7422.33,Month-to-month,Fiber optic,Yes
CUST00974,Female,1,36,47.67,1716.12,One year,No,No
CUST00975,Male,1,59,43.86,2587.74,Two year,DSL,Yes
CUST00976,Female,1,36,63.76,2295.36,Two year,DSL,No
CUST00977,Male,1,61,97.64,5956.04,Month-to-month,No,Yes
CUST00978,Male,0,26,46.51,1209.26,Two year,No,No
CUST00979,Female,0,5,22.3,111.5,One year,DSL,Yes
CUST00980,Male,1,29,114.18,3311.22,Month-to-month,Fiber optic,Yes
CUST00981,Female,0,71,96.13,6825.23,Month-to-month,DSL,Yes
CUST00982,Female,0,62,75.91,4706.42,Month-to-month,No,No
CUST00983,Female,1,70,21.52,1506.4,Month-to-month,Fiber optic,Yes
CUST00984,Male,0,13,46.99,610.87,Two year,No,No
CUST00985,Female,1,30,70.65,2119.5,One year,DSL,No
CUST00986,Female,0,43,46.51,1999.93,Month-to-month,DSL,Yes
CUST00987,Male,0,3,96.79,290.37,Month-to-month,No,Yes
CUST00988,Male,0,12,77.0,924.0,Month-to-month,Fiber optic,Yes
CUST00989,Male,1,15,51.47,772.05,Two year,No,No
CUST00990,Female,1,65,74.71,4856.15,Two year,DSL,No
CUST00991,Female,0,8,67.92,543.36,One year,No,No
CUST00992,Male,1,44,52.53,2311.32,Two year,No,No
CUST00993,Male,0,33,70.97,2342.01,One year,Fiber optic,Yes
CUST00994,Female,0,69,78.24,5398.56,Two year,No,No
CUST00995,Male,1,57,98.68,5624.76,One year,DSL,Yes
CUST00996,Female,1,49,108.41,5312.09,Two year,No,No
CUST00997,Male,1,31,55.67,1725.77,Month-to-month,Fiber optic,Yes
CUST00998,Female,0,45,116.99,5264.55,One year,No,No
CUST00999,Female,1,65,30.6,1989.0,One year,Fiber optic,Yes
CUST01000,Male,0,35,40.37,1412.95,One year,DSL,No
